round,train_rows,train_rmse_ug_m3,val_rmse_ug_m3
1,68829,19.84384695643177,25.455118469542025
2,68829,19.498050884466156,25.09571554250391
3,68829,19.17266800997093,24.756295515649597
4,68829,18.866957741086157,24.39245263383181
5,68829,18.58428116829413,24.039155802140925
6,68829,18.31251103530083,23.70866379215188
7,68829,18.054845873000197,23.445616177691097
8,68829,17.81199791102354,23.14860474869005
9,68829,17.58564750529592,22.879744662274742
10,68829,17.366059843723036,22.630814804179234
11,68829,17.16363520042647,22.3998864113279
12,68829,16.97514767733647,22.170704978001297
13,68829,16.793806830637184,21.94600608201825
14,68829,16.62022734898611,21.77672645297857
15,68829,16.461044035465342,21.58354779892543
16,68829,16.308102841522917,21.40320921443637
17,68829,16.167502418438144,21.225874579145124
18,68829,16.035596096840376,21.077088346620744
19,68829,15.907049498711316,20.95569341570042
20,68829,15.787502726841629,20.82774677739499
21,68829,15.67380651774668,20.69660171633771
22,68829,15.566016854525008,20.583148987016404
23,68829,15.46524392539421,20.464155447679143
24,68829,15.371038007239417,20.335662449708888
25,68829,15.279840122857204,20.24670397090303
26,68829,15.195468827649698,20.15406115964236
27,68829,15.11591191836883,20.05824859282783
28,68829,15.042872628567387,19.9636507317219
29,68829,14.972991562773426,19.88776362667844
30,68829,14.90797226725502,19.80960086040248
31,68829,14.842286452375872,19.74087977001357
32,68829,14.779953775538615,19.67447089129442
33,68829,14.724111892467652,19.60330257543324
34,68829,14.670059315319865,19.55510187866052
35,68829,14.619249388053586,19.509164891446478
36,68829,14.572668555201462,19.447957357421167
37,68829,14.526956647899745,19.395058667888154
38,68829,14.483320771464102,19.34880464025378
39,68829,14.44316145763917,19.303731455848347
40,68829,14.403208661729412,19.270430719043816
41,68829,14.368607985780493,19.23478362500994
42,68829,14.333734597066384,19.19088955732432
43,68829,14.300446387186948,19.155895310907244
44,68829,14.26767073104096,19.11530508123798
45,68829,14.237916083171577,19.080801881519232
46,68829,14.207588885578147,19.045929028886697
47,68829,14.180031159010108,19.016681562893098
48,68829,14.153555962844958,18.98137385783997
49,68829,14.12860697234755,18.954055392854503
50,68829,14.10685695281768,18.931347408964527
51,68829,14.083889761105125,18.909651939918948
52,68829,14.06234534692283,18.88134270919228
53,68829,14.03922490938142,18.828190497415296
54,68829,14.019112372891092,18.809317613386185
55,68829,13.999874243467165,18.78642561137004
56,68829,13.980596500387287,18.76749193323644
57,68829,13.963233536685648,18.74954121644461
58,68829,13.945143788874551,18.729295585521264
59,68829,13.92851743349111,18.713125557033653
60,68829,13.91083522373098,18.672803769479017
61,68829,13.895148294989976,18.654226310556545
62,68829,13.879006679956634,18.636664067291957
63,68829,13.863967617874229,18.62225003115088
64,68829,13.85013658234423,18.603913181406224
65,68829,13.837089166698886,18.586302613584504
66,68829,13.823368939226537,18.566548926872336
67,68829,13.808157167210206,18.528958518597776
68,68829,13.792017092488209,18.51106611885136
69,68829,13.778994726077938,18.48981035296661
70,68829,13.76605952163564,18.4784322670986
71,68829,13.755330409633125,18.47015658816125
72,68829,13.744625495034196,18.46318563143385
73,68829,13.73104334870094,18.45563738812937
74,68829,13.71860032564192,18.448196818831995
75,68829,13.706511696667848,18.43507441059924
76,68829,13.69710044146916,18.429064031515008
77,68829,13.683691570807596,18.41155162673894
78,68829,13.67055442789475,18.406225128611403
79,68829,13.660080945558713,18.39725693855204
80,68829,13.646829597951,18.39129200923818
81,68829,13.637805932700582,18.39091682861889
82,68829,13.626564585144187,18.38492687649121
83,68829,13.616232509869135,18.37981446168788
84,68829,13.60559360431529,18.37681909867392
85,68829,13.595104524593538,18.363464166794948
86,68829,13.585349850834604,18.353230922482595
87,68829,13.574039630227158,18.34998472648304
88,68829,13.565460777935144,18.34945269208163
89,68829,13.558386403616392,18.34985538174333
90,68829,13.549929870847972,18.338340481914184
91,68829,13.542467164337191,18.33044806110536
92,68829,13.532082347867822,18.3281795205892
93,68829,13.522762960611566,18.320891708808407
94,68829,13.513293440415154,18.321693698033947
95,68829,13.503723481824457,18.316579858140912
96,68829,13.494320426732484,18.314976848025196
97,68829,13.48613584768884,18.31577949666736
98,68829,13.47692512363878,18.29552362477137
99,68829,13.469594880120107,18.290545886113268
100,68829,13.461317848814044,18.28914599417016
101,68829,13.455370428865844,18.28338268734381
102,68829,13.444905393197445,18.26258871993033
103,68829,13.436910757859591,18.260799154264703
104,68829,13.428712031854472,18.25742489210484
105,68829,13.421331646452495,18.261755843213194
106,68829,13.413251001854784,18.26613893950062
107,68829,13.407417790679812,18.264481477539437
108,68829,13.400116210028228,18.259094302845117
109,68829,13.393066929258016,18.2536384935168
110,68829,13.38710433549124,18.251133882118296
111,68829,13.378107411879837,18.24628685839092
112,68829,13.373959167434789,18.24422781379861
113,68829,13.36800594346859,18.241993365094597
114,68829,13.360641393742023,18.244637398323277
115,68829,13.352542540902649,18.24385555114437
116,68829,13.34486381839445,18.24599051106173
117,68829,13.33719014472481,18.239045381961315
118,68829,13.333228212960062,18.235938084707264
119,68829,13.325700176354763,18.23776664970408
120,68829,13.319524142370156,18.233452760955984
121,68829,13.31372667184911,18.231541647902915
122,68829,13.308019262461707,18.229948498340185
123,68829,13.30013000033946,18.22512089560377
124,68829,13.29428546468289,18.225553508312966
125,68829,13.288313939265818,18.229324017927365
126,68829,13.28268032569221,18.222442019071003
127,68829,13.278356092471922,18.21759221648738
128,68829,13.271902686083626,18.210963536061783
129,68829,13.26609549592437,18.216418151797463
130,68829,13.260586052565262,18.217626975446507
131,68829,13.253759933373717,18.218457715744048
132,68829,13.247508015260548,18.214042622375292
133,68829,13.241693375742708,18.215448536812985
134,68829,13.235062435377133,18.206325270047845
135,68829,13.22621046645525,18.208518482156983
136,68829,13.219527159147434,18.19382083252277
137,68829,13.213921341325875,18.19521970541091
138,68829,13.20888873401362,18.19088365812151
139,68829,13.201932690175427,18.18576610394181
140,68829,13.196377948367818,18.18848368832995
141,68829,13.19015960180133,18.19258449783685
142,68829,13.1841686836679,18.19355491021737
143,68829,13.176405554353492,18.19253203514936
144,68829,13.171689754788028,18.19105487288937
145,68829,13.165278323275778,18.19065400063233
146,68829,13.159059378759869,18.18824397105865
147,68829,13.153261530907262,18.190502706375813
148,68829,13.147519249811838,18.18703768548612
149,68829,13.140730501827033,18.18447974686356
150,68829,13.131348530411028,18.182995859121533
151,68829,13.126438666088251,18.18694184849689
152,68829,13.120830795701725,18.19105512871697
153,68829,13.115205924967585,18.197374779007223
154,68829,13.109584726155532,18.192545322064746
155,68829,13.103959523880224,18.190287948771328
156,68829,13.098690499959435,18.191495542350275
157,68829,13.09271524957525,18.190266132786405
158,68829,13.08739658990652,18.187004406786915
159,68829,13.083288526097938,18.18773980617377
160,68829,13.078470302398827,18.186333612969943
161,68829,13.07307040104031,18.186667523941555
162,68829,13.067771456894867,18.18697145524774
163,68829,13.06400834590713,18.18730091191575
164,68829,13.058896010302606,18.18458689173348
165,68829,13.053088216972467,18.17899613787155
166,68829,13.049513058768586,18.17676386316906
167,68829,13.039387574074269,18.17955568273955
168,68829,13.033448532145195,18.18268525125673
169,68829,13.024778519111038,18.185173731659688
170,68829,13.019497099856624,18.17485400146013
171,68829,13.011725112976974,18.16153094620196
172,68829,13.007628084056533,18.159075655683463
173,68829,13.001550709071736,18.163423510337903
174,68829,12.995888496523154,18.16908018141776
175,68829,12.989340054135674,18.167219150928528
176,68829,12.984530978513964,18.169631699544283
177,68829,12.979258423359363,18.17571610542699
178,68829,12.97548152104531,18.17364383570282
179,68829,12.97017757392907,18.158198732685666
180,68829,12.96557610058558,18.160397712674385
181,68829,12.960648518355848,18.16227494897324
182,68829,12.953868293981616,18.15818737213204
183,68829,12.949009511607112,18.16128034930115
184,68829,12.9435992728459,18.168072995449624
185,68829,12.9403586815303,18.171482392506853
186,68829,12.93531331079383,18.167206717191355
187,68829,12.930327863061509,18.164137659705787
188,68829,12.926000935144398,18.164217951092525
189,68829,12.921499620362646,18.15618427513612
190,68829,12.911366801956518,18.167687460086647
191,68829,12.90414562764264,18.16866530643737
192,68829,12.898980492655074,18.16928423567752
193,68829,12.895242612483084,18.169794715350022
194,68829,12.890069164734244,18.1678478177822
195,68829,12.885401064748647,18.168198947888115
196,68829,12.880808772733108,18.165779616147837
197,68829,12.875854225036663,18.16314385375184
198,68829,12.87138931803063,18.16167803615418
199,68829,12.866314260046328,18.15572803333396
200,68829,12.86273670679254,18.158073428000257
201,68829,12.857841382787017,18.160288392086887
202,68829,12.85316987167227,18.162193669089667
203,68829,12.849281178260595,18.16195404312013
204,68829,12.84372952691865,18.172740674464297
205,68829,12.839003122748553,18.17135361302296
206,68829,12.834423643180582,18.170006553754583
207,68829,12.83021289680276,18.172764993590736
208,68829,12.826555327060415,18.172741204767448
209,68829,12.822610264435662,18.17094997015396
210,68829,12.818226299559496,18.165606408511405
211,68829,12.81549798801086,18.1659569954168
212,68829,12.80802166378831,18.170882170660903
213,68829,12.80330583975608,18.17445176070741
214,68829,12.798475493480977,18.176124050595533
215,68829,12.793282373877718,18.172865344509823
216,68829,12.789559023234483,18.176453922752653
217,68829,12.78522527722119,18.17464687626326
218,68829,12.779874634815634,18.175481169578383
219,68829,12.7738767295984,18.17434972953264
220,68829,12.769553365461263,18.17709699022434
221,68829,12.763376654183263,18.161454308769056
222,68829,12.760796211329485,18.16246892957757
223,68829,12.754223801012644,18.168838065573905
224,68829,12.750902724178108,18.168220523049897
225,68829,12.7466612571949,18.175769624622028
226,68829,12.742392888604789,18.1759330838535
227,68829,12.737802644647566,18.17504003067448
228,68829,12.734062747546336,18.172492360465966
229,68829,12.730867049023058,18.172078072446457
230,68829,12.72637964340287,18.169708142896965
231,68829,12.722482219196566,18.171214654181288
232,68829,12.71841129751714,18.17893904658631
233,68829,12.71416524807411,18.183986412985817
234,68829,12.710647791284511,18.18361411341096
235,68829,12.706584963827456,18.186518257362213
236,68829,12.70452525991941,18.186488037091877
237,68829,12.7009429216939,18.186572714630877
238,68829,12.694163111885036,18.19326008939242
239,68829,12.689791387836731,18.194956913778803
240,68829,12.68608008636332,18.19472369950614
241,68829,12.680868265487096,18.194466981808564
242,68829,12.67774741651096,18.193956239026424
243,68829,12.671918128437232,18.195363860147268
244,68829,12.667480550312188,18.193053518548165
