round,train_rmse,val_rmse
1,19.843846956431772,25.455118469542022
2,19.498050884466153,25.09571554250391
3,19.172668009970934,24.756295515649594
4,18.866957741086154,24.39245263383181
5,18.584281168294126,24.039155802140925
6,18.31251103530083,23.70866379215188
7,18.054845873000193,23.445616177691097
8,17.81199791102354,23.148604748690055
9,17.58564750529592,22.879744662274746
10,17.366059843723036,22.630814804179234
11,17.16363520042647,22.3998864113279
12,16.97514767733647,22.170704978001297
13,16.793806830637184,21.94600608201825
14,16.62022734898611,21.776726452978572
15,16.461044035465342,21.58354779892543
16,16.308102841522917,21.40320921443637
17,16.167502418438144,21.225874579145124
18,16.035596096840376,21.077088346620744
19,15.907049498711316,20.95569341570042
20,15.787502726841627,20.82774677739499
21,15.67380651774668,20.69660171633771
22,15.566016854525007,20.583148987016404
23,15.46524392539421,20.464155447679143
24,15.371038007239415,20.335662449708888
25,15.279840122857205,20.24670397090303
26,15.195468827649698,20.154061159642357
27,15.11591191836883,20.05824859282783
28,15.042872628567387,19.9636507317219
29,14.972991562773426,19.88776362667844
30,14.907972267255019,19.809600860402476
31,14.842286452375872,19.74087977001357
32,14.779953775538615,19.67447089129442
33,14.724111892467652,19.603302575433236
34,14.670059315319865,19.555101878660516
35,14.619249388053586,19.509164891446474
36,14.572668555201462,19.447957357421167
37,14.526956647899745,19.395058667888154
38,14.483320771464102,19.34880464025378
39,14.44316145763917,19.303731455848347
40,14.403208661729412,19.270430719043816
41,14.368607985780493,19.23478362500994
42,14.333734597066384,19.190889557324322
43,14.300446387186948,19.155895310907244
44,14.26767073104096,19.11530508123798
45,14.237916083171575,19.080801881519232
46,14.207588885578147,19.045929028886697
47,14.180031159010108,19.016681562893098
48,14.153555962844958,18.98137385783997
49,14.12860697234755,18.954055392854503
50,14.106856952817681,18.931347408964527
51,14.083889761105125,18.909651939918948
52,14.06234534692283,18.881342709192282
53,14.039224909381419,18.828190497415296
54,14.019112372891092,18.809317613386185
55,13.999874243467165,18.78642561137004
56,13.980596500387287,18.767491933236442
57,13.963233536685648,18.74954121644461
58,13.945143788874551,18.729295585521264
59,13.92851743349111,18.713125557033653
60,13.91083522373098,18.672803769479017
61,13.895148294989976,18.654226310556542
62,13.879006679956634,18.636664067291953
63,13.863967617874229,18.62225003115088
64,13.85013658234423,18.603913181406224
65,13.837089166698886,18.586302613584504
66,13.823368939226535,18.566548926872336
67,13.808157167210206,18.528958518597776
68,13.792017092488207,18.511066118851357
69,13.778994726077938,18.489810352966614
70,13.76605952163564,18.478432267098597
71,13.755330409633125,18.470156588161252
72,13.744625495034196,18.463185631433852
73,13.73104334870094,18.45563738812937
74,13.718600325641921,18.448196818831995
75,13.706511696667848,18.43507441059924
76,13.69710044146916,18.429064031515008
77,13.683691570807595,18.41155162673894
78,13.67055442789475,18.406225128611403
79,13.660080945558711,18.39725693855204
80,13.646829597951001,18.39129200923818
81,13.637805932700582,18.39091682861889
82,13.626564585144187,18.38492687649121
83,13.616232509869137,18.37981446168788
84,13.60559360431529,18.37681909867392
85,13.595104524593538,18.363464166794948
86,13.585349850834605,18.353230922482595
87,13.574039630227158,18.349984726483036
88,13.565460777935144,18.34945269208163
89,13.558386403616392,18.34985538174333
90,13.549929870847972,18.338340481914184
91,13.542467164337191,18.330448061105358
92,13.532082347867822,18.3281795205892
93,13.522762960611566,18.320891708808407
94,13.513293440415154,18.321693698033947
95,13.503723481824455,18.316579858140912
96,13.494320426732484,18.314976848025193
97,13.486135847688839,18.31577949666736
98,13.47692512363878,18.29552362477137
99,13.469594880120109,18.290545886113268
100,13.461317848814044,18.28914599417016
101,13.455370428865844,18.28338268734381
102,13.444905393197443,18.26258871993033
103,13.436910757859591,18.260799154264703
104,13.428712031854472,18.25742489210484
105,13.421331646452495,18.261755843213194
106,13.413251001854784,18.26613893950062
107,13.407417790679812,18.264481477539434
108,13.400116210028228,18.259094302845114
109,13.393066929258016,18.2536384935168
110,13.387104335491241,18.251133882118296
111,13.378107411879837,18.24628685839092
112,13.373959167434787,18.244227813798606
113,13.36800594346859,18.241993365094594
114,13.360641393742025,18.244637398323274
115,13.352542540902647,18.243855551144375
116,13.34486381839445,18.24599051106173
117,13.33719014472481,18.239045381961315
118,13.333228212960062,18.235938084707264
119,13.325700176354765,18.23776664970408
120,13.319524142370156,18.233452760955984
121,13.31372667184911,18.231541647902915
122,13.308019262461709,18.229948498340185
123,13.300130000339461,18.225120895603766
124,13.29428546468289,18.225553508312966
125,13.288313939265818,18.229324017927365
126,13.28268032569221,18.222442019071003
127,13.278356092471922,18.21759221648738
128,13.271902686083626,18.210963536061783
129,13.26609549592437,18.216418151797463
130,13.260586052565262,18.217626975446507
131,13.253759933373717,18.218457715744048
132,13.247508015260548,18.214042622375295
133,13.241693375742708,18.215448536812982
134,13.235062435377131,18.206325270047845
135,13.22621046645525,18.208518482156986
136,13.219527159147434,18.19382083252277
137,13.213921341325877,18.19521970541091
138,13.20888873401362,18.19088365812151
139,13.201932690175427,18.18576610394181
140,13.196377948367818,18.18848368832995
141,13.19015960180133,18.192584497836854
142,13.1841686836679,18.193554910217372
143,13.176405554353492,18.192532035149362
144,13.171689754788028,18.19105487288937
145,13.165278323275778,18.190654000632332
146,13.159059378759869,18.18824397105865
147,13.153261530907262,18.190502706375813
148,13.147519249811838,18.187037685486118
149,13.140730501827031,18.184479746863556
150,13.131348530411028,18.182995859121533
151,13.126438666088251,18.186941848496886
152,13.120830795701723,18.191055128716975
153,13.115205924967583,18.197374779007223
154,13.109584726155532,18.192545322064746
155,13.103959523880224,18.190287948771328
156,13.098690499959437,18.191495542350275
157,13.09271524957525,18.190266132786405
158,13.08739658990652,18.187004406786915
159,13.083288526097938,18.18773980617377
160,13.078470302398827,18.186333612969943
161,13.07307040104031,18.186667523941555
162,13.067771456894867,18.18697145524774
163,13.06400834590713,18.18730091191575
164,13.058896010302606,18.184586891733478
165,13.053088216972467,18.17899613787155
166,13.049513058768586,18.17676386316906
167,13.039387574074269,18.17955568273955
168,13.033448532145197,18.18268525125673
169,13.024778519111038,18.185173731659688
170,13.019497099856624,18.17485400146013
171,13.011725112976974,18.16153094620196
172,13.007628084056531,18.159075655683463
173,13.001550709071736,18.163423510337903
174,12.995888496523154,18.169080181417762
175,12.989340054135674,18.167219150928528
176,12.984530978513963,18.169631699544283
177,12.979258423359365,18.17571610542699
178,12.97548152104531,18.17364383570282
179,12.97017757392907,18.158198732685666
180,12.965576100585581,18.160397712674385
181,12.960648518355848,18.162274948973238
182,12.953868293981616,18.158187372132037
183,12.949009511607112,18.16128034930115
184,12.943599272845901,18.168072995449624
185,12.940358681530299,18.171482392506853
186,12.93531331079383,18.167206717191355
187,12.930327863061507,18.164137659705787
188,12.926000935144398,18.164217951092525
189,12.921499620362646,18.156184275136116
190,12.911366801956518,18.167687460086647
191,12.90414562764264,18.168665306437372
192,12.898980492655074,18.169284235677516
193,12.895242612483084,18.169794715350022
194,12.890069164734243,18.1678478177822
195,12.885401064748649,18.168198947888115
196,12.880808772733108,18.165779616147834
197,12.875854225036665,18.163143853751837
198,12.87138931803063,18.16167803615418
199,12.866314260046328,18.155728033333958
200,12.862736706792539,18.158073428000257
201,12.857841382787017,18.160288392086887
202,12.85316987167227,18.162193669089667
203,12.849281178260595,18.16195404312013
204,12.84372952691865,18.172740674464297
205,12.839003122748553,18.17135361302296
206,12.834423643180582,18.170006553754583
207,12.830212896802761,18.172764993590736
208,12.826555327060415,18.172741204767448
209,12.822610264435662,18.17094997015396
210,12.818226299559495,18.165606408511405
211,12.81549798801086,18.165956995416796
212,12.80802166378831,18.170882170660906
213,12.803305839756081,18.174451760707406
214,12.798475493480975,18.176124050595533
215,12.793282373877718,18.172865344509823
216,12.789559023234483,18.176453922752653
217,12.78522527722119,18.17464687626326
218,12.779874634815634,18.175481169578383
219,12.7738767295984,18.174349729532636
220,12.769553365461265,18.17709699022434
221,12.763376654183263,18.161454308769056
222,12.760796211329483,18.16246892957757
223,12.754223801012643,18.168838065573905
224,12.750902724178108,18.168220523049897
225,12.7466612571949,18.175769624622028
226,12.742392888604787,18.1759330838535
227,12.737802644647566,18.17504003067448
228,12.734062747546336,18.172492360465966
229,12.730867049023058,18.172078072446457
230,12.72637964340287,18.169708142896965
231,12.722482219196566,18.171214654181288
232,12.71841129751714,18.17893904658631
233,12.71416524807411,18.183986412985817
234,12.710647791284513,18.18361411341096
235,12.706584963827455,18.186518257362213
236,12.70452525991941,18.186488037091873
237,12.7009429216939,18.186572714630874
238,12.694163111885036,18.19326008939242
239,12.689791387836731,18.194956913778803
240,12.68608008636332,18.19472369950614
241,12.680868265487097,18.194466981808564
242,12.677747416510961,18.193956239026424
243,12.671918128437232,18.195363860147268
244,12.667480550312188,18.193053518548165
