city,horizon,rows,mean_residual_ug_m3,median_residual_ug_m3,mae_ug_m3,p90_abs_error_ug_m3
Hà Nội,1,4893,-0.4199092148516333,-0.0562694549560554,3.324273534018935,8.362383117675778
Hà Nội,2,4893,-0.9195954767102822,-0.131575965881348,6.241526575330185,15.265921936035154
Hà Nội,3,4893,-1.574906661089958,-0.325211143493652,8.928412502712934,21.89870376586914
Hà Nội,4,4893,-1.8094555274562651,0.015370559692382102,10.787594079103982,25.62579101562502
Hà Nội,5,4893,-2.118794350806321,0.16438674926757812,12.430782529373683,28.982222290039065
Hà Nội,6,4893,-2.8434205741402856,-0.014077758789063921,13.49051148931892,31.380057373046878
Hà Nội,7,4893,-3.142091931240363,0.13411865234375142,14.378717236671859,33.18151306152345
Hà Nội,8,4893,-3.5831753663336503,0.4807685852050767,15.377443908821602,34.80504791259766
Hà Nội,9,4893,-3.967534796728231,0.5504310607910128,15.864053948388957,35.60710998535156
Hà Nội,10,4893,-3.6965685651659497,1.1668167114257812,16.559938733085104,37.11218490600587
Hà Nội,11,4893,-3.928056651508542,1.0356735229492173,16.68535430724212,38.07076293945314
Hà Nội,12,4893,-3.529057277825233,1.5347976684570312,17.12513506386681,39.15327636718752
Hà Nội,13,4893,-3.153727009904036,2.071014404296875,17.36634025550342,39.41819137573243
Hà Nội,14,4893,-3.393496922863887,2.058900070190429,17.59850652442494,40.0527996826172
Hà Nội,15,4893,-3.3903951271457853,2.0586204528808594,17.85272159342529,40.26101928710939
Hà Nội,16,4893,-3.2392064423349622,2.181382751464845,17.967784337102817,40.292270812988285
Hà Nội,17,4893,-2.633261531655978,2.2897941589355497,17.85489569133273,39.83441802978516
Hà Nội,18,4893,-2.255945345747819,2.599252319335939,17.816311111816617,39.734631958007824
Hà Nội,19,4893,-1.9317977791838232,2.7005462646484375,18.009531137009184,40.26858108520509
Hà Nội,20,4893,-1.6379172437205136,2.926655960083007,18.101054584831395,39.64203857421875
Hà Nội,21,4893,-1.5572690769229078,3.3339897155761733,18.207929967104135,39.69593948364259
Hà Nội,22,4893,-1.7165764889540711,3.2978981018066413,18.204868290533007,40.01707504272461
Hà Nội,23,4893,-1.7986577797832601,3.0045555114746065,18.169387010004826,40.2166311645508
Hà Nội,24,4893,-1.4642389336076707,2.9264919281005817,18.103970788316005,40.346868743896486
TP.HCM,1,4893,0.24971746500835043,0.24821319580077983,1.912295193850519,4.477166519165044
TP.HCM,2,4893,0.35535061388154143,0.5445415496826165,3.357597795751912,7.945387420654296
TP.HCM,3,4893,0.37175373443425774,0.6083824157714837,4.619030666507244,10.435747833251966
TP.HCM,4,4893,0.5203436277893554,0.982989883422853,5.5921033331058085,12.273901062011719
TP.HCM,5,4893,0.612804552842668,1.3975059509277301,6.431139081517977,13.930949401855472
TP.HCM,6,4893,0.5989529243452089,1.4824554443359368,6.847942589027565,14.811235198974611
TP.HCM,7,4893,0.6244064294412389,1.5276855468749986,7.158200064900217,15.806038055419922
TP.HCM,8,4893,0.46533464544418285,1.412025833129885,7.369437255991912,16.19001739501953
TP.HCM,9,4893,0.49615391768879047,1.5514717102050817,7.523412400317197,16.27626144409179
TP.HCM,10,4893,0.2706787955656195,1.3605163574218722,7.657177581997607,16.35910751342774
TP.HCM,11,4893,0.3674543456750587,1.376666641235353,7.63163249274838,16.289150390625004
TP.HCM,12,4893,0.2324041793420958,1.511464309692382,7.588112575126381,16.194993286132817
TP.HCM,13,4893,0.4018520698258904,1.9094745635986357,7.7197053345244235,16.09854911804199
TP.HCM,14,4893,0.6662595817508227,2.493044662475583,7.91719206301878,16.088307647705076
TP.HCM,15,4893,0.7915757559131754,2.6543449401855472,7.977477709842123,15.932986373901366
TP.HCM,16,4893,0.6434616691516072,2.457984161376956,7.83203097604034,15.968326416015628
TP.HCM,17,4893,0.8817431656685243,2.77947998046875,7.905712950500076,15.60693115234375
TP.HCM,18,4893,0.763058236038517,2.5784782409667972,7.751482036277947,15.473505020141609
TP.HCM,19,4893,0.5821946589463869,2.34603309631348,7.7195507832692245,15.555906982421874
TP.HCM,20,4893,0.9197187114195569,2.774522399902345,7.825493510145121,15.65096824645996
TP.HCM,21,4893,0.5359346641978676,2.3041072845459,7.598599498568687,15.514583892822268
TP.HCM,22,4893,0.48276271508219015,2.2455450057983395,7.62930948092556,15.660115966796877
TP.HCM,23,4893,0.5106263043956963,2.114368438720703,7.437681016506847,15.2840397644043
TP.HCM,24,4893,0.6110551323063312,2.0909103393554673,7.379791693781969,15.46383285522461
Đà Nẵng,1,4893,0.1551735372697311,0.1295175552368164,1.2319925544161068,2.898348541259764
Đà Nẵng,2,4893,0.11643704118208241,0.32017192840576136,2.034607245974226,4.29707611083985
Đà Nẵng,3,4893,0.2512445345262115,0.603818511962892,2.786715735323025,5.968106269836427
Đà Nẵng,4,4893,0.42925665938437607,0.6923957824707045,3.362938351390456,7.124324722290041
Đà Nẵng,5,4893,0.6212761376987274,0.9673524856567379,3.8237631596940047,8.078741683959963
Đà Nẵng,6,4893,0.7232521970067901,1.2727445602416996,4.1924588420360385,8.903383560180666
Đà Nẵng,7,4893,0.7284160641300491,1.3989082336425778,4.415900520349655,9.362262229919443
Đà Nẵng,8,4893,0.9144064687888316,1.4908000946044915,4.620413421234811,9.793317413330078
Đà Nẵng,9,4893,0.8829297314629633,1.5067241668701215,4.724804725311735,9.917976531982422
Đà Nẵng,10,4893,0.8349735494676408,1.5142993927001953,4.8794926100558795,10.045707550048832
Đà Nẵng,11,4893,0.9586645940659408,1.591212463378902,4.99642977111305,10.379101486206057
Đà Nẵng,12,4893,1.0495170649784415,1.7879699707031254,5.104474228680219,10.12719909667969
Đà Nẵng,13,4893,1.1711270411858012,1.9090251922607457,5.1434689635224755,10.282813949584966
Đà Nẵng,14,4893,1.4568192203279267,2.090675735473633,5.268586326741793,10.771179809570315
Đà Nẵng,15,4893,1.4895961700274174,2.002219009399411,5.397943072004257,11.178363952636724
Đà Nẵng,16,4893,1.4585585803701033,2.0991886138916023,5.303549944840397,11.009722747802737
Đà Nẵng,17,4893,1.6348459727140918,2.082489013671875,5.305516014395378,11.082721633911135
Đà Nẵng,18,4893,1.6301361416103943,2.152218627929688,5.229209962973876,10.620989532470704
Đà Nẵng,19,4893,1.3485974716648061,1.9900856018066406,5.119017072974259,10.453824310302736
Đà Nẵng,20,4893,1.6194420517672552,2.143004989624023,5.153838416176926,10.603860473632814
Đà Nẵng,21,4893,1.3733133273160754,1.965276527404784,5.055137649207132,10.42831024169922
Đà Nẵng,22,4893,1.6900132015734246,2.266754150390625,5.17819744467175,10.444920730590821
Đà Nẵng,23,4893,1.753245037912275,2.350794982910159,5.212114921084898,10.420172424316409
Đà Nẵng,24,4893,1.6929546665321846,2.2507080078125004,5.2116249402948815,10.545728073120117
