model,cv_fold,horizon,rmse_ug_m3,mae_ug_m3,r2,bias_ug_m3
LSTM,1,1,13.225306547094151,7.980644849453162,0.7928600180574324,-3.1411829001245177
LSTM,1,2,14.640506229524483,8.881811156514797,0.7461547228626435,-3.3903876276376663
LSTM,1,3,16.151873294088105,9.856798237069027,0.6910703281313109,-3.749636170358369
LSTM,1,4,17.597142603816486,10.804779534539602,0.6334234575255644,-4.28820540136247
LSTM,1,5,18.724712204823184,11.548987578371573,0.5851866730472092,-4.529785723648875
LSTM,1,6,19.745783650787942,12.122592238548625,0.5389959890663921,-4.855361166055566
LSTM,1,7,20.404026049334202,12.543703496866092,0.507669490576524,-5.004789349494599
LSTM,1,8,20.85318480831396,12.798313035987695,0.4856983965022865,-5.155799859683043
LSTM,1,9,21.38787991797144,13.050171457653677,0.45893960211187435,-5.338762012971353
LSTM,1,10,21.488637549810527,13.14445955135565,0.4538027408502381,-5.001151503971088
LSTM,1,11,21.703681387443904,13.319324380603826,0.44279374379182035,-5.029293909030664
LSTM,1,12,21.75396477444368,13.366600876451956,0.4402116079547257,-4.885438114565004
LSTM,1,13,21.813759111843478,13.389218796147834,0.43719354519540354,-4.729281614197734
LSTM,1,14,21.89242076468832,13.515914154377445,0.43322599020101493,-4.67179398236325
LSTM,1,15,22.03934655087311,13.556059519709637,0.4257211369095457,-4.670597603226098
LSTM,1,16,22.052980483128884,13.500461128840122,0.42515390967753686,-4.664754375942232
LSTM,1,17,22.26443869460677,13.627354440633887,0.4142403200174083,-4.7170054254216875
LSTM,1,18,22.244242003259398,13.619326953673628,0.41547878597305987,-4.620098772136622
LSTM,1,19,22.280329608170813,13.613622582019653,0.41363230534481377,-4.637709559621476
LSTM,1,20,22.428555159427102,13.661562873702657,0.40580964869507175,-4.748827364398462
LSTM,1,21,22.519889291296334,13.676798099443786,0.4009091337506556,-4.886135024037293
LSTM,1,22,22.56327593630361,13.718064074115278,0.39852791622393624,-4.726021245567418
LSTM,1,23,22.63240314846926,13.728824679121745,0.3947681530317263,-4.8727168292629095
LSTM,1,24,22.72421074630617,13.827097570713498,0.38979397299456153,-4.923740534641161
LSTM,2,1,8.515252270148245,6.17755665803467,0.838179647714115,-0.7760183479171402
LSTM,2,2,10.021398160401798,7.293186512974033,0.7769710458433863,-0.9277772550806933
LSTM,2,3,11.52660185589838,8.358971401587366,0.7065472096858532,-1.0093416381539801
LSTM,2,4,13.032404545161938,9.354105985769415,0.6263451725681142,-1.5467333601086892
LSTM,2,5,14.080427624174423,10.060737379903408,0.5647052614189851,-1.6522080668552328
LSTM,2,6,14.913605011154976,10.623189106448637,0.5123284155128652,-1.8537864220073361
LSTM,2,7,15.498871952218925,11.005101666370948,0.4746730436090697,-2.031323618461861
LSTM,2,8,16.143611570071485,11.359397676017844,0.4311023947191117,-2.4272326204133026
LSTM,2,9,16.435650216832844,11.515983255209061,0.4112775696293618,-2.5435341110593166
LSTM,2,10,16.657785083796945,11.687477997821084,0.3961008868090995,-2.2835888799291344
LSTM,2,11,16.83419285199737,11.739410094123818,0.38429140161401176,-2.4713831308304473
LSTM,2,12,16.989692688245473,11.815955505202245,0.372974956295142,-2.4792236118362108
LSTM,2,13,17.15455598136891,11.900169087397959,0.3605688477914545,-2.6007878033693523
LSTM,2,14,17.076695618595494,11.850512198116002,0.36613582059432603,-2.408852570910091
LSTM,2,15,17.19955931532152,11.97217618476626,0.3566880451863189,-2.5239729171794485
LSTM,2,16,17.228836589750046,11.98441706129106,0.35412545221279557,-2.5441034004645235
LSTM,2,17,17.327033479956512,12.047767665981233,0.34632420782007933,-2.7920644305537334
LSTM,2,18,17.340495407561896,12.043762642337953,0.3448610747137365,-2.808785975998179
LSTM,2,19,17.3991386366586,12.160655765319138,0.3401536837572613,-2.639139226589391
LSTM,2,20,17.260899002985933,12.02375757115448,0.35045762352930776,-2.6174425140058744
LSTM,2,21,17.18950374343198,11.947478595833655,0.35588017413491624,-2.6527401560782415
LSTM,2,22,17.180847181615533,11.932459675506706,0.35673812339613964,-2.5696463980721824
LSTM,2,23,17.116255041478578,11.906043593445968,0.3618572460955005,-2.524529916557439
LSTM,2,24,16.993052961201165,11.836731291937513,0.37143652075762723,-2.536532983659764
LSTM,3,1,9.345838370724513,5.804553466318901,0.8378182137483239,-2.6010383767013368
LSTM,3,2,10.793231789628463,6.785689729048275,0.7829389330566459,-2.8007049255968557
LSTM,3,3,12.22177397411623,7.739675808180178,0.7205613685502086,-2.918328480173383
LSTM,3,4,13.726572993472564,8.73662317566292,0.6464283438091969,-3.448055624905029
LSTM,3,5,14.727844982510891,9.319527429457949,0.5923408580128665,-3.563301588817645
LSTM,3,6,15.54835684607925,9.77781761404524,0.5453564285329942,-3.8081118141748402
LSTM,3,7,15.989485904734849,10.010512701702801,0.5190811884305171,-3.9654796114575093
LSTM,3,8,16.34502779929332,10.239846268193755,0.49792153640343684,-4.141455574152539
LSTM,3,9,16.52617409837667,10.306282377389163,0.4876660507229369,-4.238230262161477
LSTM,3,10,16.46609245804217,10.33628611540283,0.49252945755019684,-3.849695962393491
LSTM,3,11,16.538640544396124,10.371242232707475,0.48929335641986804,-3.888726051299394
LSTM,3,12,16.587458114887983,10.484110646350148,0.4886050487321041,-3.8237894571269897
LSTM,3,13,16.625900437025397,10.510136676784434,0.4897413246555067,-3.9384313978221814
LSTM,3,14,16.401585678300545,10.417558807136658,0.5068175735595508,-3.6498076089190756
LSTM,3,15,16.438906257640298,10.50858673989306,0.5081321578702978,-3.698684684329996
LSTM,3,16,16.441784288784543,10.505689604216624,0.5114728154343777,-3.683157616973451
LSTM,3,17,16.50880063348845,10.564811571333577,0.5095025467229688,-3.906449363066868
LSTM,3,18,16.545195392052097,10.588987777198218,0.508358825775062,-3.956692026714343
LSTM,3,19,16.583319458662626,10.690512976160981,0.5065985567811195,-3.6902223722115637
LSTM,3,20,16.48309514690357,10.631115849423173,0.5128757765620897,-3.694570752963104
LSTM,3,21,16.43900160411989,10.623473592400348,0.5157063731850184,-3.707552940373848
LSTM,3,22,16.461827188277724,10.58758948166678,0.5144860490430694,-3.666047596436275
LSTM,3,23,16.439709322984786,10.541150868032348,0.5158312213740734,-3.5359118417772986
LSTM,3,24,16.368183575473864,10.475901781510121,0.519959745288405,-3.602027247737044
LSTM,4,1,10.188765500793858,5.9918161842395605,0.8347882190125603,-1.8706567398609555
LSTM,4,2,11.417216342264744,6.748810877179157,0.7925237914565286,-2.104059792507564
LSTM,4,3,12.65739535321059,7.509622529874306,0.7449444136460349,-2.1676970035589385
LSTM,4,4,13.943567586818133,8.232734811362882,0.6903659431269701,-2.547293548219937
LSTM,4,5,14.919215074208985,8.714666879006446,0.645238517744328,-2.629499403798182
LSTM,4,6,15.746114958101671,9.140372368163128,0.604343626453894,-2.7111343167310844
LSTM,4,7,16.260559615421737,9.420638275211493,0.5774926670899285,-2.7612635144426783
LSTM,4,8,16.594947154824947,9.632796922344372,0.5591089163490812,-2.694757322234691
LSTM,4,9,16.84313968484428,9.756561901102929,0.5446701899287683,-2.6680136811920145
LSTM,4,10,16.89174344659232,9.846310268199273,0.540837795921434,-2.293463146532159
LSTM,4,11,16.947437119338968,9.837077531899086,0.5365350636370378,-2.164029793326515
LSTM,4,12,16.928320437394525,9.860613426970396,0.5358832052158065,-1.95623602480326
LSTM,4,13,16.914560751329066,9.891379104281414,0.5340119927815852,-1.907463055008028
LSTM,4,14,16.801044437106704,9.920440138808383,0.5374904949328642,-1.4797914536208947
LSTM,4,15,16.815893600016153,10.008174094685748,0.5336097155330687,-1.2901345227637415
LSTM,4,16,16.759850235040922,9.980566929633225,0.5335977208885818,-1.0955641966249638
LSTM,4,17,16.827638813019274,10.04635292500481,0.5280463789542384,-1.1322332375701303
LSTM,4,18,16.88483633615083,10.059096078996197,0.5240715892191915,-1.0815117102702942
LSTM,4,19,16.950649514607395,10.222894515549152,0.5202688766584094,-0.8846149383472108
LSTM,4,20,16.971563246748012,10.199731756508065,0.5193773329593038,-0.9648312833899126
LSTM,4,21,17.047617041640105,10.213844845972666,0.5155188561313064,-1.0451486257931448
LSTM,4,22,17.08756134479202,10.231948943940978,0.5136798812220522,-1.0753775176013822
LSTM,4,23,17.173277115123007,10.282240095249065,0.5091639970030821,-1.09376612931754
LSTM,4,24,17.27069658021675,10.343687689312478,0.5035092462703624,-1.2050797774504054
LSTM,5,1,10.526657138607144,6.078944676281565,0.8260455248280566,-0.6451588616699445
LSTM,5,2,11.810901939091874,6.849068527150171,0.7810380755980175,-0.8419488138135145
LSTM,5,3,13.036473683281882,7.671731657192018,0.7332812869463685,-0.7511345000354791
LSTM,5,4,14.249592914102188,8.315360082179085,0.6814008620824721,-1.0460027282223379
LSTM,5,5,15.134520518860311,8.781108408130263,0.640718909311424,-1.1280889676554962
LSTM,5,6,15.859669998096773,9.201210393788624,0.6054941956241866,-1.0809337514228534
LSTM,5,7,16.266956319507504,9.434465496801728,0.5849512669163597,-1.1257027878270476
LSTM,5,8,16.516222152269183,9.61003298785464,0.5721056987884579,-1.1656415714726773
LSTM,5,9,16.729358898847025,9.777862892657945,0.5609325102863303,-0.993338376937793
LSTM,5,10,16.858977336026353,9.959142443625067,0.5539548550946157,-0.6571706736746005
LSTM,5,11,16.935319714167946,9.993710949929621,0.5496002711116433,-0.5034639732969316
LSTM,5,12,16.868316753625443,10.041933714002676,0.5528995249398649,-0.2231869801584358
LSTM,5,13,16.920353116271997,10.018397992634009,0.5499331394909204,-0.3002835516224285
LSTM,5,14,16.940295018813,10.24230550520259,0.548760530513257,0.4478532304874311
LSTM,5,15,17.017632799623676,10.240116365896899,0.5446043842116604,0.5317722167136643
LSTM,5,16,17.06911123522594,10.3170901168506,0.5419005654193789,0.8266708440982168
LSTM,5,17,17.157580432175216,10.370833013556648,0.5373341779465406,0.8921953480180299
LSTM,5,18,17.23633578894745,10.413420093408961,0.5334250166441905,0.981970308065902
LSTM,5,19,17.266545788574316,10.520171480757408,0.5320879465546066,1.2726384917651221
LSTM,5,20,17.193895328398504,10.445857279724871,0.5363266684428794,1.2324083940626898
LSTM,5,21,17.2261487430619,10.446407800673137,0.5348494639489615,1.1794651338984226
LSTM,5,22,17.268668103171038,10.457313141110971,0.5326932353001024,1.100762893362117
LSTM,5,23,17.322517785899016,10.497493370227776,0.5298370482019346,1.1147136408695983
LSTM,5,24,17.42632869422953,10.58263712793934,0.5246900927784839,1.0299987852776544
SARIMAX,1,1,5.672933549276042,3.2280865340021343,0.9618874653355529,-0.22315965838223953
SARIMAX,1,2,9.368163536168572,5.563485284796601,0.8960640411224723,-0.43526952112138123
SARIMAX,1,3,12.290343344886859,7.41412082469592,0.8211282087282037,-0.6434374062958156
SARIMAX,1,4,14.659253145719942,8.862272204338023,0.7456076466871577,-0.8474080572527449
SARIMAX,1,5,16.582695283239097,10.048696364010345,0.6746636134276249,-1.0494513447694405
SARIMAX,1,6,18.117460630358224,10.971053054488596,0.6118937755966651,-1.2462852367737445
SARIMAX,1,7,19.330077323734287,11.68299080496385,0.5581323638901032,-1.4301659854750608
SARIMAX,1,8,20.30709983722564,12.216190624484868,0.5122818676208851,-1.6014338326336004
SARIMAX,1,9,21.112992420652233,12.657648313649076,0.47275817217386473,-1.7667307390790443
SARIMAX,1,10,21.741439207434347,12.993727297238541,0.4408757429251664,-1.9262979340448545
SARIMAX,1,11,22.212321970486993,13.271479107588352,0.4163706910675711,-2.082763317710092
SARIMAX,1,12,22.55861183405992,13.484674370575487,0.39803423959816053,-2.2346887809798033
SARIMAX,1,13,22.825109047039472,13.640300040126617,0.38379706019430604,-2.3782946486095464
SARIMAX,1,14,23.028805827326444,13.766762703221323,0.37285900647973214,-2.514523769245735
SARIMAX,1,15,23.182267608686253,13.826231904399846,0.36461459617775416,-2.6454761915636826
SARIMAX,1,16,23.315037507208242,13.86582585236384,0.35747618014251337,-2.770955133097266
SARIMAX,1,17,23.423545866485522,13.91991745954745,0.3516623362432504,-2.890847340545422
SARIMAX,1,18,23.513629293334382,13.966001818302312,0.34686284664368405,-3.007751393388653
SARIMAX,1,19,23.59077272634733,14.029547855220471,0.342628084870483,-3.1274563139739837
SARIMAX,1,20,23.666548862844092,14.098711112874733,0.338404008823742,-3.244127162625634
SARIMAX,1,21,23.75267226830618,14.139011923574799,0.3335230268396232,-3.35623279120575
SARIMAX,1,22,23.84686736130004,14.203570347233603,0.32814765370163146,-3.464069260791666
SARIMAX,1,23,23.942488052983308,14.250740039398472,0.3226720612803857,-3.570005634765914
SARIMAX,1,24,24.022104494538045,14.296704164625613,0.31809954564656917,-3.6754857757548223
SARIMAX,2,1,5.376540086410436,3.3912614367857556,0.9354874986574975,-0.25576366649370535
SARIMAX,2,2,8.700405442369956,5.732395130282682,0.83189385240349,-0.5022101851296159
SARIMAX,2,3,11.256636788602883,7.532763335945204,0.7201321798620277,-0.7356250274319771
SARIMAX,2,4,13.222971345922714,8.943085987116033,0.6153377161249396,-0.9503368742787476
SARIMAX,2,5,14.759669400479451,10.023508749511858,0.5216949254631056,-1.1450419552783864
SARIMAX,2,6,15.940998153839693,10.851412948294621,0.4428229741141536,-1.3264764209750493
SARIMAX,2,7,16.91576769238959,11.561120465079794,0.37423260545790404,-1.5050687123278428
SARIMAX,2,8,17.690768320976005,12.084801620724003,0.3168342319968993,-1.6779755289036489
SARIMAX,2,9,18.279422855070205,12.491440862822182,0.27178140979550147,-1.8422349766945438
SARIMAX,2,10,18.691976637092395,12.73054512600325,0.23960309282235726,-1.9967399020899734
SARIMAX,2,11,18.953305800775592,12.848232068190125,0.21952218676841795,-2.1409526105264645
SARIMAX,2,12,19.08814761714504,12.904578350618866,0.20851732981992033,-2.2650404618172546
SARIMAX,2,13,19.11620808211198,12.872634803208117,0.2059674131519348,-2.378355970156345
SARIMAX,2,14,19.069214741843428,12.773436604942956,0.20958685569970426,-2.4817200956124794
SARIMAX,2,15,18.968244015744833,12.639820257756533,0.21757766600861916,-2.5803652504602264
SARIMAX,2,16,18.85616457214327,12.47025312153996,0.2263527490945504,-2.678470470091169
SARIMAX,2,17,18.74100351587914,12.331733577730262,0.23528491544870356,-2.776751231167705
SARIMAX,2,18,18.614657149846735,12.209918728565421,0.24504600855771286,-2.8693049191751467
SARIMAX,2,19,18.474667652695796,12.074312528016328,0.25605544715790485,-2.9505049843954536
SARIMAX,2,20,18.357563304845673,11.965348162252239,0.26529882209618527,-3.0264439861745314
SARIMAX,2,21,18.25538472454256,11.884955467442444,0.273522833190896,-3.097532665131236
SARIMAX,2,22,18.17108217409185,11.844173339831896,0.28045120826442627,-3.16592017751572
SARIMAX,2,23,18.104863865302054,11.846808947964522,0.28601206807785184,-3.231194939969517
SARIMAX,2,24,18.044656393655785,11.867039351975732,0.29123289111336637,-3.294552685542061
SARIMAX,3,1,5.55438806687134,3.3788471267606184,0.9427153866808593,-0.24348080985013737
SARIMAX,3,2,9.039410843344934,5.763500221953007,0.8477493424392731,-0.4655158042807717
SARIMAX,3,3,11.641637271450557,7.593925181442678,0.7464602386909085,-0.6731201627224008
SARIMAX,3,4,13.627737965218236,8.970023061892073,0.6515016358800217,-0.8718684148860995
SARIMAX,3,5,15.148343220818079,10.053840023433514,0.568730197073378,-1.0669925511213012
SARIMAX,3,6,16.31357254758392,10.864864614475845,0.49950445855068004,-1.251813798466813
SARIMAX,3,7,17.192890221159008,11.491083244308717,0.4439670291190174,-1.4263515452740734
SARIMAX,3,8,17.849268386727356,11.955862840417131,0.4012560951730526,-1.5948395938389845
SARIMAX,3,9,18.32891621180499,12.307586118296058,0.36979468804309024,-1.756719981698009
SARIMAX,3,10,18.635159712200995,12.519992180396965,0.35002601189478033,-1.9111716770474365
SARIMAX,3,11,18.817294982208043,12.630810568366085,0.338870894318146,-2.0567876026633587
SARIMAX,3,12,18.844704475125713,12.606517324573147,0.339952151067906,-2.2076075288047448
SARIMAX,3,13,18.695958922349377,12.434018522907477,0.35476853654878593,-2.361717434184602
SARIMAX,3,14,18.478180962655053,12.21229664188444,0.3740288020018466,-2.510882240581587
SARIMAX,3,15,18.230059656298096,11.954276162432741,0.3951067035797512,-2.6536619213862784
SARIMAX,3,16,17.943630331653125,11.663854988751627,0.41814942177712444,-2.7849987186350265
SARIMAX,3,17,17.626939421459557,11.375081218404766,0.4408098213794399,-2.8963681645052164
SARIMAX,3,18,17.305667806526003,11.0575333117474,0.4621252313194355,-2.9996277869705614
SARIMAX,3,19,16.99603417273835,10.757496981398432,0.481734054732209,-3.090946628880135
SARIMAX,3,20,16.72596438166638,10.514949698342555,0.4984150112974288,-3.1742567526300465
SARIMAX,3,21,16.527382771185824,10.355967452058872,0.5104849495786377,-3.2534614880787767
SARIMAX,3,22,16.412058458802143,10.300754208911227,0.5174173015477692,-3.326742826034321
SARIMAX,3,23,16.3809532646913,10.346206862649481,0.5192859068130948,-3.393599046229947
SARIMAX,3,24,16.43113886233769,10.467286101746422,0.5162599835003996,-3.453277049937631
SARIMAX,4,1,4.931117063634956,2.945663074332145,0.9613020013953121,-0.0874862191859398
SARIMAX,4,2,8.096893413331635,5.007930696764635,0.8956518661325636,-0.1699148022714725
SARIMAX,4,3,10.632726526025605,6.6490112434091015,0.8200153627664062,-0.24623665510442258
SARIMAX,4,4,12.671532264102966,7.961332715956415,0.7442832488153215,-0.31996851172497087
SARIMAX,4,5,14.335532216789746,8.999284212026703,0.672454110683669,-0.3859965211072994
SARIMAX,4,6,15.647723825066961,9.771875228641818,0.6092727728393044,-0.45089912987365566
SARIMAX,4,7,16.673456430817502,10.378902575311953,0.5557631787153487,-0.5121189715947481
SARIMAX,4,8,17.4737190206427,10.839419209194215,0.5111785394994062,-0.5708466244905168
SARIMAX,4,9,18.11518019787019,11.224499035378697,0.47329759634872814,-0.6253859945791641
SARIMAX,4,10,18.61595520413578,11.50936262740886,0.442316456802737,-0.6811276494707906
SARIMAX,4,11,18.962350689210734,11.682819621648122,0.419779366534892,-0.7411408069933498
SARIMAX,4,12,19.196829077252406,11.816746262590557,0.40315915298848626,-0.7986504486035915
SARIMAX,4,13,19.352514055266422,11.900129740686287,0.3900024729389471,-0.8473895439230558
SARIMAX,4,14,19.41555645691108,11.911593105603131,0.3823424056582252,-0.8923680663770998
SARIMAX,4,15,19.398891716296085,11.864803008191462,0.3793261745512274,-0.9333184843672228
SARIMAX,4,16,19.337295594122363,11.761672232616274,0.37911399756782893,-0.9738249803128449
SARIMAX,4,17,19.261442990106318,11.655566633046927,0.3816553633473273,-1.0231943972622077
SARIMAX,4,18,19.17539137663614,11.54082147053647,0.38618655948263114,-1.0749145613308317
SARIMAX,4,19,19.07608943592263,11.409272211904282,0.39241938875266036,-1.1354768964422235
SARIMAX,4,20,18.979812388143824,11.276595637638806,0.39890324201294647,-1.2010457153092267
SARIMAX,4,21,18.889936140704584,11.15107441035665,0.40514584868696,-1.2647774966007883
SARIMAX,4,22,18.821944525627483,11.086204868812674,0.40994697499760213,-1.3254640279831622
SARIMAX,4,23,18.789393953754093,11.066787406791274,0.41243543063252974,-1.383039791423333
SARIMAX,4,24,18.771730326268994,11.071780554357712,0.4134567121193157,-1.4271594081520738
SARIMAX,5,1,5.678111808810153,3.0642828981385066,0.9493869475355344,-0.02314068282204145
SARIMAX,5,2,9.402348844298857,5.224959432814307,0.861236516320662,-0.045642696586089666
SARIMAX,5,3,12.222701958972486,6.931586954407747,0.7655405907728995,-0.06702700879788033
SARIMAX,5,4,14.417752457367614,8.286806925366356,0.6738369115644447,-0.08507517509674331
SARIMAX,5,5,16.155829954589322,9.340350900462772,0.5905927073761968,-0.10639177046814959
SARIMAX,5,6,17.53659778060477,10.206641450634015,0.5176572148926748,-0.12167455714316315
SARIMAX,5,7,18.633064505545075,10.9475821073388,0.4554283024699711,-0.133166678431107
SARIMAX,5,8,19.524053110294027,11.580501344658117,0.4020635457406774,-0.14095032294471155
SARIMAX,5,9,20.212551358907305,12.06586397604867,0.35906356897207614,-0.14620556821705694
SARIMAX,5,10,20.698597181331763,12.365099918708312,0.32764569742556604,-0.14567056519009394
SARIMAX,5,11,20.997074773113777,12.582663924768493,0.30764487672161445,-0.13767558078925057
SARIMAX,5,12,21.133035195302607,12.704421177066552,0.29824520509145935,-0.12634843819275549
SARIMAX,5,13,21.207697515480316,12.794385520164065,0.2929579679072023,-0.113896594998472
SARIMAX,5,14,21.219589740278572,12.810895150418393,0.29199046394075323,-0.10218154182881739
SARIMAX,5,15,21.131352997184944,12.709206316344817,0.29782533077775186,-0.0924058245276647
SARIMAX,5,16,20.952493566889306,12.545569261369659,0.30974530310293813,-0.08851135701760632
SARIMAX,5,17,20.736357496607127,12.33748765252286,0.3241967520499567,-0.0869007493440572
SARIMAX,5,18,20.508036539788463,12.13029663210397,0.3394895059335935,-0.08768792063618487
SARIMAX,5,19,20.27876995659868,11.940481430059558,0.3545887657202781,-0.0845359433009453
SARIMAX,5,20,20.060253741169728,11.77521528323645,0.36884445071944194,-0.0792076140504378
SARIMAX,5,21,19.87526559478962,11.635499801947347,0.38078278505491736,-0.07424859669850635
SARIMAX,5,22,19.755311096942155,11.535390459567479,0.38842161338041115,-0.06908418895736777
SARIMAX,5,23,19.721330829839278,11.460154897444488,0.3906051080473827,-0.06370460895601182
SARIMAX,5,24,19.758599715394336,11.45358168836572,0.3889490973376427,-0.06973374014572506
XGBoost,1,1,4.928227184364659,2.5506800589530614,0.9712370199864582,-0.30756430257369255
XGBoost,1,2,8.018528646208072,4.67664339726662,0.9238541445044156,-0.6327211263433863
XGBoost,1,3,10.393284488300381,6.377970633930523,0.8720855949488635,-0.9977571686149496
XGBoost,1,4,12.44248145553838,7.779565443585104,0.8167287390279108,-1.145045573020574
XGBoost,1,5,14.402507335581394,9.003530313013199,0.754586410192541,-1.2905912920127403
XGBoost,1,6,15.809767902363205,9.957504182840879,0.7044663456742354,-1.5557162282578099
XGBoost,1,7,17.028817897495486,10.626878645471217,0.6570790537358011,-1.789768251140466
XGBoost,1,8,17.963109281075635,11.061580997735902,0.6183756143870827,-2.03249219908047
XGBoost,1,9,18.78990771009653,11.454029788457905,0.5824008871710854,-2.745802185882059
XGBoost,1,10,19.654276962936958,11.907802795446523,0.5430739709359469,-2.978647220885627
XGBoost,1,11,19.91354195607592,12.149553370711184,0.5309207736560717,-2.753001718582813
XGBoost,1,12,20.536136227271374,12.264702548987207,0.501133294697098,-3.494875865815487
XGBoost,1,13,20.676324687591126,12.460928785228631,0.4943561485195962,-2.959974915046939
XGBoost,1,14,20.555359748285447,12.708456084173799,0.5003423768685299,-2.3711924309709427
XGBoost,1,15,20.855928917122338,13.016970376315715,0.48573794600017817,-1.7678201648788785
XGBoost,1,16,20.943726715446267,12.847016605991548,0.4815284619421203,-2.2413022405321112
XGBoost,1,17,21.004651318576638,13.000448829136538,0.47865294330482244,-1.553653289397477
XGBoost,1,18,21.004945457137207,12.864822126238534,0.47879548235966485,-1.7890341316147809
XGBoost,1,19,21.39731492991594,12.962837968020363,0.4591891823603653,-2.565978977409885
XGBoost,1,20,21.322788692172534,13.19813608293595,0.4629545929539516,-1.2076691883049488
XGBoost,1,21,21.49596954683523,13.025986355764347,0.4541487962788441,-2.2191016723560075
XGBoost,1,22,21.694312131152312,13.352511300673727,0.44396396900537227,-1.9563972982290365
XGBoost,1,23,21.709326085914842,13.200576037405947,0.44313090620567075,-2.5567376594296674
XGBoost,1,24,21.47744471757461,13.11939054761243,0.45491516952550304,-1.7817031657082882
XGBoost,2,1,4.745802299774234,2.842691158980466,0.9497359603032676,0.06311966831439784
XGBoost,2,2,7.449210951977117,4.899746850253694,0.8767675283308992,-0.31688771294946755
XGBoost,2,3,9.86695619089331,6.712562546033538,0.7849685127699872,-0.5687207274263227
XGBoost,2,4,11.655470501207214,7.995238047811828,0.7011308342574789,-0.9694621713785722
XGBoost,2,5,13.254199773538684,9.087670394714324,0.6142919055053646,-1.2266975991531903
XGBoost,2,6,14.531777314838173,9.939797571479037,0.5369801114753423,-1.6275821410111924
XGBoost,2,7,15.397905100194748,10.558475825264619,0.48149519733087,-1.8353585594236992
XGBoost,2,8,15.928300786353951,10.898531197446278,0.4461762154096315,-1.9976104183671097
XGBoost,2,9,16.179412103958782,11.01638609289027,0.4294912932670487,-2.1715677204852937
XGBoost,2,10,16.509553276327857,11.169654479723299,0.40680084074977685,-2.498297373129066
XGBoost,2,11,16.418233176511194,11.079065755260286,0.41434283481582546,-2.6065903223003297
XGBoost,2,12,16.635997119400756,11.157683374770532,0.39881032486906853,-2.742856871955931
XGBoost,2,13,16.833104368399475,11.213458418074943,0.38430835538271335,-2.9876646285402884
XGBoost,2,14,17.00120248159105,11.325092487965144,0.371727841767027,-2.841649270309328
XGBoost,2,15,17.010332026022887,11.35485287543905,0.3707654450151616,-2.96374061507841
XGBoost,2,16,17.128709315157668,11.423211548155491,0.36161077955393905,-2.9642619753517097
XGBoost,2,17,16.98872216901667,11.298755070689912,0.3716011222070609,-3.0314744899984842
XGBoost,2,18,16.76047269662326,11.22912278907576,0.3879556008445051,-2.776726770189939
XGBoost,2,19,16.776311584198,11.207603491347054,0.386548452227679,-3.029833667847344
XGBoost,2,20,16.714576107422182,11.19792139113741,0.3909241201628104,-2.76516666334423
XGBoost,2,21,16.658825512170775,11.146286960130327,0.39503709189223046,-2.8215508072969655
XGBoost,2,22,16.478872674677138,11.119542345547702,0.40822902555923335,-2.451014491592007
XGBoost,2,23,16.438778846667816,11.036125530090956,0.4113739884604998,-2.504238542667813
XGBoost,2,24,16.379759609268255,10.984960969646325,0.4159885395945875,-2.5900903896608445
XGBoost,3,1,4.915453918922268,2.7677471639836444,0.9551365357642577,0.1212058663489992
XGBoost,3,2,7.710424950055567,4.78567662781341,0.8892265825346,-0.25840400616896153
XGBoost,3,3,9.897155165477551,6.429146632313688,0.816752225738311,-0.5970729130890078
XGBoost,3,4,11.615098944270997,7.630427241674442,0.746837705841896,-1.1197958610964582
XGBoost,3,5,13.01005996413856,8.577325642462041,0.6818899617737217,-1.4046560537502557
XGBoost,3,6,14.239579705258393,9.267599489837428,0.6186740178417696,-2.186951105652271
XGBoost,3,7,15.105165451677166,9.742220779596888,0.5708059057263376,-2.405283942367091
XGBoost,3,8,15.704027446786787,10.070163175351043,0.5365292218254553,-2.756076377599792
XGBoost,3,9,15.937832989941876,10.120995750985747,0.5234954730846644,-2.8891077812488355
XGBoost,3,10,16.1277589652643,10.201299864977122,0.513169491715907,-2.9995679272166877
XGBoost,3,11,16.20910928967921,10.11884418126471,0.5094421926562487,-3.4514481083730635
XGBoost,3,12,16.17143086923645,10.20977195470886,0.513935778130536,-3.228265223504736
XGBoost,3,13,16.39433946017187,10.317797206687732,0.5038558293837216,-3.381666906536701
XGBoost,3,14,16.827321874530256,10.52043408720843,0.48088219698799517,-3.554337890269118
XGBoost,3,15,16.97580460987507,10.495215646044349,0.47547845996556404,-3.719945250768665
XGBoost,3,16,16.9464058684625,10.548979741681949,0.48102546257629664,-3.6166703001106106
XGBoost,3,17,16.71917960515848,10.425586931438401,0.49692163883751117,-3.6410077494100768
XGBoost,3,18,16.695400593762685,10.38128553844448,0.4993915975895472,-3.3212726617046147
XGBoost,3,19,16.626341472838828,10.334920451898416,0.5040351787260937,-3.4151692323226848
XGBoost,3,20,16.64863905711694,10.366468997938437,0.5030420172787509,-3.181176759890646
XGBoost,3,21,16.73346238579345,10.455838231030556,0.4982013346904419,-3.246101081959845
XGBoost,3,22,16.619702029304094,10.370382327663277,0.5051288872200916,-3.0862005642250274
XGBoost,3,23,16.619419159567993,10.3151387905969,0.5051880326843045,-3.248518570239827
XGBoost,3,24,16.560180313160306,10.291566000806258,0.5086320727714132,-2.9651210210174774
XGBoost,4,1,4.292979366042795,2.514289724574905,0.9706697691402087,0.2734726500169876
XGBoost,4,2,6.8655283682975465,4.172590550631996,0.9249767672374418,-0.12409177832483176
XGBoost,4,3,9.18369742258258,5.747016543747214,0.8657292910146086,-0.49479762334440053
XGBoost,4,4,11.255058031627753,6.892751505461044,0.7982579693508228,-0.9002317409736407
XGBoost,4,5,12.831381382636854,7.8401201318703135,0.737583379377942,-1.064340640089507
XGBoost,4,6,14.090905661354032,8.534371859408107,0.6831533314576114,-1.3701014214823175
XGBoost,4,7,14.952990126822487,8.927734976360892,0.642711228398068,-1.5153705351516835
XGBoost,4,8,15.804898502808534,9.33594034324313,0.6000893307944007,-1.864940068603131
XGBoost,4,9,16.18924632786765,9.487537740442162,0.5793380355292396,-2.111644377997723
XGBoost,4,10,16.648253900870227,9.692074055726948,0.553979767446902,-2.1039281999162855
XGBoost,4,11,16.9419720352045,9.688762574270621,0.5368339249293257,-2.6052185891677344
XGBoost,4,12,16.957323065620486,9.81010269257351,0.5342915366663399,-2.231660243582384
XGBoost,4,13,17.17873889439778,9.932067596237921,0.5193423610986224,-2.0770989934847153
XGBoost,4,14,17.830635534900793,10.222554505302048,0.4790671470882164,-2.464014602601325
XGBoost,4,15,17.901897496289273,10.257386986512104,0.4714236525523533,-2.453923723237727
XGBoost,4,16,17.710571041501847,10.21032840238596,0.47918255134667453,-2.251261783865088
XGBoost,4,17,17.40161413705326,10.134589683530116,0.4953014839899007,-2.021408305138898
XGBoost,4,18,17.365505041889314,10.104460474221009,0.4965889350606493,-1.6526893553964601
XGBoost,4,19,17.30495245345045,10.057958677535002,0.5000045785816957,-1.754288987131775
XGBoost,4,20,17.352181223389824,10.18813448777878,0.49757793440549947,-1.4465204293498717
XGBoost,4,21,17.574147267913357,10.258216559586268,0.48512946349212316,-1.6768662413692668
XGBoost,4,22,17.553404159870574,10.326436995094785,0.4868022214207881,-1.56632678136585
XGBoost,4,23,17.59260696252168,10.288073147992822,0.48490129809424,-1.7625591721433962
XGBoost,4,24,17.679422296096416,10.299876417070323,0.47973142399451196,-1.838969493546125
XGBoost,5,1,4.716473481019988,2.7520438202726005,0.9650787770798458,0.6971582750113708
XGBoost,5,2,7.543099846948267,4.3483228026723575,0.9106895686954183,0.2190951783070375
XGBoost,5,3,10.144175075492152,6.0089487811051505,0.8385021688267499,-0.009706688902373114
XGBoost,5,4,11.89430300946613,7.173002009255267,0.7780180421893218,-0.3392419197320449
XGBoost,5,5,13.44661331038862,8.183941164029724,0.7163891384159641,-0.5541120527549592
XGBoost,5,6,14.602875574159064,8.810332117132695,0.665541780070168,-0.8802345998448093
XGBoost,5,7,15.342070719627174,9.229572535828822,0.6308061549383086,-0.8952223031473708
XGBoost,5,8,16.24353430569448,9.684367784644442,0.5861183889009616,-1.2479682181916758
XGBoost,5,9,16.763692888582757,9.91362219627162,0.5591284473725285,-1.1052690159161234
XGBoost,5,10,17.254382338021454,10.247844136972043,0.5327866996939524,-1.1043752453159783
XGBoost,5,11,17.256034550799008,10.16117902715432,0.5323797347232729,-1.3777471320029417
XGBoost,5,12,17.49505135553062,10.385917302387137,0.5190586928409371,-0.8656119981751447
XGBoost,5,13,17.680497055979682,10.459945233662923,0.5085864446435285,-0.9048798241904582
XGBoost,5,14,18.00043263520327,10.544045664976467,0.49051543913737694,-1.3678171434122928
XGBoost,5,15,18.085505350123174,10.58755188384833,0.4856581704175935,-1.3131982579065489
XGBoost,5,16,18.146100657168613,10.691958519481197,0.4822685232954623,-1.2001279993453804
XGBoost,5,17,18.031791223270027,10.77049707329509,0.4889856777218785,-0.808043081352478
XGBoost,5,18,18.204245353187044,10.74899692385881,0.4795525113089375,-0.7325257242822938
XGBoost,5,19,18.02597034881645,10.621292105741704,0.4900229784650326,-0.7312827020578835
XGBoost,5,20,18.069548586851912,10.684840103973722,0.48789600111769105,-0.48668479249846297
XGBoost,5,21,18.06931911858548,10.578974821328629,0.4881994881887013,-0.7283852112398879
XGBoost,5,22,18.035622960345105,10.684640138687206,0.49026239038882635,-0.44392965904449055
XGBoost,5,23,17.96051412284024,10.650551777107017,0.49456664250439075,-0.5197685692858024
XGBoost,5,24,17.910307443799635,10.58705055578761,0.4979220534544584,-0.6450802168556841
